[
  {
    "value": "Africa/Freetown",
    "synonyms": [
      "Africa/Freetown"
    ]
  },
  {
    "value": "Africa/Ouagadougou",
    "synonyms": [
      "Africa/Ouagadougou"
    ]
  },
  {
    "value": "Africa/Accra",
    "synonyms": [
      "Africa/Accra"
    ]
  },
  {
    "value": "Africa/Johannesburg",
    "synonyms": [
      "Africa/Johannesburg"
    ]
  },
  {
    "value": "Africa/Maseru",
    "synonyms": [
      "Africa/Maseru"
    ]
  },
  {
    "value": "Africa/Dakar",
    "synonyms": [
      "Africa/Dakar"
    ]
  },
  {
    "value": "Africa/Bissau",
    "synonyms": [
      "Africa/Bissau"
    ]
  },
  {
    "value": "Africa/Luanda",
    "synonyms": [
      "Africa/Luanda"
    ]
  },
  {
    "value": "Africa/Bamako",
    "synonyms": [
      "Africa/Bamako"
    ]
  },
  {
    "value": "Africa/Algiers",
    "synonyms": [
      "Africa/Algiers"
    ]
  },
  {
    "value": "Africa/Bangui",
    "synonyms": [
      "Africa/Bangui"
    ]
  },
  {
    "value": "Africa/Asmara",
    "synonyms": [
      "Africa/Asmara"
    ]
  },
  {
    "value": "Africa/Lagos",
    "synonyms": [
      "Africa/Lagos"
    ]
  },
  {
    "value": "Africa/Malabo",
    "synonyms": [
      "Africa/Malabo"
    ]
  },
  {
    "value": "Africa/Conakry",
    "synonyms": [
      "Africa/Conakry"
    ]
  },
  {
    "value": "Africa/Nairobi",
    "synonyms": [
      "Africa/Nairobi"
    ]
  },
  {
    "value": "Africa/Timbuktu",
    "synonyms": [
      "Africa/Timbuktu"
    ]
  },
  {
    "value": "America/Argentina/Cordoba",
    "synonyms": [
      "America/Argentina/Cordoba"
    ]
  },
  {
    "value": "Africa/Addis_Ababa",
    "synonyms": [
      "Africa/Addis_Ababa"
    ]
  },
  {
    "value": "Africa/Kampala",
    "synonyms": [
      "Africa/Kampala"
    ]
  },
  {
    "value": "Africa/Kigali",
    "synonyms": [
      "Africa/Kigali"
    ]
  },
  {
    "value": "Africa/Lusaka",
    "synonyms": [
      "Africa/Lusaka"
    ]
  },
  {
    "value": "Africa/Niamey",
    "synonyms": [
      "Africa/Niamey"
    ]
  },
  {
    "value": "Africa/Windhoek",
    "synonyms": [
      "Africa/Windhoek"
    ]
  },
  {
    "value": "America/Argentina/Catamarca",
    "synonyms": [
      "America/Argentina/Catamarca"
    ]
  },
  {
    "value": "America/Araguaina",
    "synonyms": [
      "America/Araguaina"
    ]
  },
  {
    "value": "Africa/Banjul",
    "synonyms": [
      "Africa/Banjul"
    ]
  },
  {
    "value": "Africa/Cairo",
    "synonyms": [
      "Africa/Cairo"
    ]
  },
  {
    "value": "Africa/Casablanca",
    "synonyms": [
      "Africa/Casablanca"
    ]
  },
  {
    "value": "Africa/Juba",
    "synonyms": [
      "Africa/Juba"
    ]
  },
  {
    "value": "Africa/Lome",
    "synonyms": [
      "Africa/Lome"
    ]
  },
  {
    "value": "Africa/Abidjan",
    "synonyms": [
      "Africa/Abidjan"
    ]
  },
  {
    "value": "Africa/El_Aaiun",
    "synonyms": [
      "Africa/El_Aaiun"
    ]
  },
  {
    "value": "Africa/Tripoli",
    "synonyms": [
      "Africa/Tripoli"
    ]
  },
  {
    "value": "America/Anchorage",
    "synonyms": [
      "America/Anchorage"
    ]
  },
  {
    "value": "America/Antigua",
    "synonyms": [
      "America/Antigua"
    ]
  },
  {
    "value": "Africa/Lubumbashi",
    "synonyms": [
      "Africa/Lubumbashi"
    ]
  },
  {
    "value": "Africa/Kinshasa",
    "synonyms": [
      "Africa/Kinshasa"
    ]
  },
  {
    "value": "Africa/Ndjamena",
    "synonyms": [
      "Africa/Ndjamena"
    ]
  },
  {
    "value": "America/Argentina/ComodRivadavia",
    "synonyms": [
      "America/Argentina/ComodRivadavia"
    ]
  },
  {
    "value": "Africa/Bujumbura",
    "synonyms": [
      "Africa/Bujumbura"
    ]
  },
  {
    "value": "Africa/Ceuta",
    "synonyms": [
      "Africa/Ceuta"
    ]
  },
  {
    "value": "Africa/Djibouti",
    "synonyms": [
      "Africa/Djibouti"
    ]
  },
  {
    "value": "Africa/Mogadishu",
    "synonyms": [
      "Africa/Mogadishu"
    ]
  },
  {
    "value": "America/Anguilla",
    "synonyms": [
      "America/Anguilla"
    ]
  },
  {
    "value": "Africa/Mbabane",
    "synonyms": [
      "Africa/Mbabane"
    ]
  },
  {
    "value": "America/Argentina/Jujuy",
    "synonyms": [
      "America/Argentina/Jujuy"
    ]
  },
  {
    "value": "Africa/Blantyre",
    "synonyms": [
      "Africa/Blantyre"
    ]
  },
  {
    "value": "Africa/Monrovia",
    "synonyms": [
      "Africa/Monrovia"
    ]
  },
  {
    "value": "America/Argentina/Buenos_Aires",
    "synonyms": [
      "America/Argentina/Buenos_Aires"
    ]
  },
  {
    "value": "Africa/Dar_es_Salaam",
    "synonyms": [
      "Africa/Dar_es_Salaam"
    ]
  },
  {
    "value": "Africa/Asmera",
    "synonyms": [
      "Africa/Asmera"
    ]
  },
  {
    "value": "Africa/Douala",
    "synonyms": [
      "Africa/Douala"
    ]
  },
  {
    "value": "Africa/Maputo",
    "synonyms": [
      "Africa/Maputo"
    ]
  },
  {
    "value": "Africa/Nouakchott",
    "synonyms": [
      "Africa/Nouakchott"
    ]
  },
  {
    "value": "Africa/Porto-Novo",
    "synonyms": [
      "Africa/Porto-Novo"
    ]
  },
  {
    "value": "America/Adak",
    "synonyms": [
      "America/Adak"
    ]
  },
  {
    "value": "Africa/Gaborone",
    "synonyms": [
      "Africa/Gaborone"
    ]
  },
  {
    "value": "Africa/Harare",
    "synonyms": [
      "Africa/Harare"
    ]
  },
  {
    "value": "Africa/Libreville",
    "synonyms": [
      "Africa/Libreville"
    ]
  },
  {
    "value": "Africa/Sao_Tome",
    "synonyms": [
      "Africa/Sao_Tome"
    ]
  },
  {
    "value": "Africa/Tunis",
    "synonyms": [
      "Africa/Tunis"
    ]
  },
  {
    "value": "Africa/Brazzaville",
    "synonyms": [
      "Africa/Brazzaville"
    ]
  },
  {
    "value": "Africa/Khartoum",
    "synonyms": [
      "Africa/Khartoum"
    ]
  },
  {
    "value": "America/Argentina/Salta",
    "synonyms": [
      "America/Argentina/Salta"
    ]
  },
  {
    "value": "America/Argentina/La_Rioja",
    "synonyms": [
      "America/Argentina/La_Rioja"
    ]
  },
  {
    "value": "America/Argentina/San_Luis",
    "synonyms": [
      "America/Argentina/San_Luis"
    ]
  },
  {
    "value": "America/Catamarca",
    "synonyms": [
      "America/Catamarca"
    ]
  },
  {
    "value": "America/Guatemala",
    "synonyms": [
      "America/Guatemala"
    ]
  },
  {
    "value": "America/Indiana/Indianapolis",
    "synonyms": [
      "America/Indiana/Indianapolis"
    ]
  },
  {
    "value": "America/Montserrat",
    "synonyms": [
      "America/Montserrat"
    ]
  },
  {
    "value": "America/North_Dakota/New_Salem",
    "synonyms": [
      "America/North_Dakota/New_Salem"
    ]
  },
  {
    "value": "America/Pangnirtung",
    "synonyms": [
      "America/Pangnirtung"
    ]
  },
  {
    "value": "America/Rainy_River",
    "synonyms": [
      "America/Rainy_River"
    ]
  },
  {
    "value": "America/Bahia",
    "synonyms": [
      "America/Bahia"
    ]
  },
  {
    "value": "America/Costa_Rica",
    "synonyms": [
      "America/Costa_Rica"
    ]
  },
  {
    "value": "America/Detroit",
    "synonyms": [
      "America/Detroit"
    ]
  },
  {
    "value": "America/Dominica",
    "synonyms": [
      "America/Dominica"
    ]
  },
  {
    "value": "America/Goose_Bay",
    "synonyms": [
      "America/Goose_Bay"
    ]
  },
  {
    "value": "America/Guadeloupe",
    "synonyms": [
      "America/Guadeloupe"
    ]
  },
  {
    "value": "America/Los_Angeles",
    "synonyms": [
      "America/Los_Angeles"
    ]
  },
  {
    "value": "America/Montreal",
    "synonyms": [
      "America/Montreal"
    ]
  },
  {
    "value": "America/Rio_Branco",
    "synonyms": [
      "America/Rio_Branco"
    ]
  },
  {
    "value": "America/Curacao",
    "synonyms": [
      "America/Curacao"
    ]
  },
  {
    "value": "America/Atikokan",
    "synonyms": [
      "America/Atikokan"
    ]
  },
  {
    "value": "America/Atka",
    "synonyms": [
      "America/Atka"
    ]
  },
  {
    "value": "America/Boise",
    "synonyms": [
      "America/Boise"
    ]
  },
  {
    "value": "America/Belem",
    "synonyms": [
      "America/Belem"
    ]
  },
  {
    "value": "America/Asuncion",
    "synonyms": [
      "America/Asuncion"
    ]
  },
  {
    "value": "America/Caracas",
    "synonyms": [
      "America/Caracas"
    ]
  },
  {
    "value": "America/Godthab",
    "synonyms": [
      "America/Godthab"
    ]
  },
  {
    "value": "America/Mexico_City",
    "synonyms": [
      "America/Mexico_City"
    ]
  },
  {
    "value": "America/Punta_Arenas",
    "synonyms": [
      "America/Punta_Arenas"
    ]
  },
  {
    "value": "America/Recife",
    "synonyms": [
      "America/Recife"
    ]
  },
  {
    "value": "America/Denver",
    "synonyms": [
      "America/Denver"
    ]
  },
  {
    "value": "America/Grenada",
    "synonyms": [
      "America/Grenada"
    ]
  },
  {
    "value": "America/Buenos_Aires",
    "synonyms": [
      "America/Buenos_Aires"
    ]
  },
  {
    "value": "America/Cayenne",
    "synonyms": [
      "America/Cayenne"
    ]
  },
  {
    "value": "America/Iqaluit",
    "synonyms": [
      "America/Iqaluit"
    ]
  },
  {
    "value": "America/Monterrey",
    "synonyms": [
      "America/Monterrey"
    ]
  },
  {
    "value": "America/Port-au-Prince",
    "synonyms": [
      "America/Port-au-Prince"
    ]
  },
  {
    "value": "America/Porto_Acre",
    "synonyms": [
      "America/Porto_Acre"
    ]
  },
  {
    "value": "America/Bogota",
    "synonyms": [
      "America/Bogota"
    ]
  },
  {
    "value": "America/Guyana",
    "synonyms": [
      "America/Guyana"
    ]
  },
  {
    "value": "America/Indiana/Marengo",
    "synonyms": [
      "America/Indiana/Marengo"
    ]
  },
  {
    "value": "America/North_Dakota/Center",
    "synonyms": [
      "America/North_Dakota/Center"
    ]
  },
  {
    "value": "America/Argentina/Rio_Gallegos",
    "synonyms": [
      "America/Argentina/Rio_Gallegos"
    ]
  },
  {
    "value": "America/Belize",
    "synonyms": [
      "America/Belize"
    ]
  },
  {
    "value": "America/Campo_Grande",
    "synonyms": [
      "America/Campo_Grande"
    ]
  },
  {
    "value": "America/Coral_Harbour",
    "synonyms": [
      "America/Coral_Harbour"
    ]
  },
  {
    "value": "America/Cuiaba",
    "synonyms": [
      "America/Cuiaba"
    ]
  },
  {
    "value": "America/Fort_Wayne",
    "synonyms": [
      "America/Fort_Wayne"
    ]
  },
  {
    "value": "America/Glace_Bay",
    "synonyms": [
      "America/Glace_Bay"
    ]
  },
  {
    "value": "America/Halifax",
    "synonyms": [
      "America/Halifax"
    ]
  },
  {
    "value": "America/Louisville",
    "synonyms": [
      "America/Louisville"
    ]
  },
  {
    "value": "America/Maceio",
    "synonyms": [
      "America/Maceio"
    ]
  },
  {
    "value": "America/Ojinaga",
    "synonyms": [
      "America/Ojinaga"
    ]
  },
  {
    "value": "America/Indiana/Knox",
    "synonyms": [
      "America/Indiana/Knox"
    ]
  },
  {
    "value": "America/Indiana/Winamac",
    "synonyms": [
      "America/Indiana/Winamac"
    ]
  },
  {
    "value": "America/Aruba",
    "synonyms": [
      "America/Aruba"
    ]
  },
  {
    "value": "America/Cayman",
    "synonyms": [
      "America/Cayman"
    ]
  },
  {
    "value": "America/Dawson",
    "synonyms": [
      "America/Dawson"
    ]
  },
  {
    "value": "America/Indiana/Petersburg",
    "synonyms": [
      "America/Indiana/Petersburg"
    ]
  },
  {
    "value": "America/Marigot",
    "synonyms": [
      "America/Marigot"
    ]
  },
  {
    "value": "America/Martinique",
    "synonyms": [
      "America/Martinique"
    ]
  },
  {
    "value": "America/Noronha",
    "synonyms": [
      "America/Noronha"
    ]
  },
  {
    "value": "America/Ensenada",
    "synonyms": [
      "America/Ensenada"
    ]
  },
  {
    "value": "America/Fort_Nelson",
    "synonyms": [
      "America/Fort_Nelson"
    ]
  },
  {
    "value": "America/Kentucky/Louisville",
    "synonyms": [
      "America/Kentucky/Louisville"
    ]
  },
  {
    "value": "America/Mendoza",
    "synonyms": [
      "America/Mendoza"
    ]
  },
  {
    "value": "America/Port_of_Spain",
    "synonyms": [
      "America/Port_of_Spain"
    ]
  },
  {
    "value": "America/Eirunepe",
    "synonyms": [
      "America/Eirunepe"
    ]
  },
  {
    "value": "America/El_Salvador",
    "synonyms": [
      "America/El_Salvador"
    ]
  },
  {
    "value": "America/Fortaleza",
    "synonyms": [
      "America/Fortaleza"
    ]
  },
  {
    "value": "America/Indiana/Vincennes",
    "synonyms": [
      "America/Indiana/Vincennes"
    ]
  },
  {
    "value": "America/Jamaica",
    "synonyms": [
      "America/Jamaica"
    ]
  },
  {
    "value": "America/Merida",
    "synonyms": [
      "America/Merida"
    ]
  },
  {
    "value": "America/Metlakatla",
    "synonyms": [
      "America/Metlakatla"
    ]
  },
  {
    "value": "America/Rankin_Inlet",
    "synonyms": [
      "America/Rankin_Inlet"
    ]
  },
  {
    "value": "America/Argentina/Tucuman",
    "synonyms": [
      "America/Argentina/Tucuman"
    ]
  },
  {
    "value": "America/Argentina/Mendoza",
    "synonyms": [
      "America/Argentina/Mendoza"
    ]
  },
  {
    "value": "America/Boa_Vista",
    "synonyms": [
      "America/Boa_Vista"
    ]
  },
  {
    "value": "America/Cambridge_Bay",
    "synonyms": [
      "America/Cambridge_Bay"
    ]
  },
  {
    "value": "America/Indiana/Tell_City",
    "synonyms": [
      "America/Indiana/Tell_City"
    ]
  },
  {
    "value": "America/Juneau",
    "synonyms": [
      "America/Juneau"
    ]
  },
  {
    "value": "America/Lower_Princes",
    "synonyms": [
      "America/Lower_Princes"
    ]
  },
  {
    "value": "America/Menominee",
    "synonyms": [
      "America/Menominee"
    ]
  },
  {
    "value": "America/Panama",
    "synonyms": [
      "America/Panama"
    ]
  },
  {
    "value": "America/Puerto_Rico",
    "synonyms": [
      "America/Puerto_Rico"
    ]
  },
  {
    "value": "America/Indianapolis",
    "synonyms": [
      "America/Indianapolis"
    ]
  },
  {
    "value": "America/Kentucky/Monticello",
    "synonyms": [
      "America/Kentucky/Monticello"
    ]
  },
  {
    "value": "America/Nome",
    "synonyms": [
      "America/Nome"
    ]
  },
  {
    "value": "America/Argentina/Ushuaia",
    "synonyms": [
      "America/Argentina/Ushuaia"
    ]
  },
  {
    "value": "America/Bahia_Banderas",
    "synonyms": [
      "America/Bahia_Banderas"
    ]
  },
  {
    "value": "America/Guayaquil",
    "synonyms": [
      "America/Guayaquil"
    ]
  },
  {
    "value": "America/Knox_IN",
    "synonyms": [
      "America/Knox_IN"
    ]
  },
  {
    "value": "America/Managua",
    "synonyms": [
      "America/Managua"
    ]
  },
  {
    "value": "America/Manaus",
    "synonyms": [
      "America/Manaus"
    ]
  },
  {
    "value": "America/Mazatlan",
    "synonyms": [
      "America/Mazatlan"
    ]
  },
  {
    "value": "America/Miquelon",
    "synonyms": [
      "America/Miquelon"
    ]
  },
  {
    "value": "America/Montevideo",
    "synonyms": [
      "America/Montevideo"
    ]
  },
  {
    "value": "America/Nassau",
    "synonyms": [
      "America/Nassau"
    ]
  },
  {
    "value": "America/Resolute",
    "synonyms": [
      "America/Resolute"
    ]
  },
  {
    "value": "America/Barbados",
    "synonyms": [
      "America/Barbados"
    ]
  },
  {
    "value": "America/Cancun",
    "synonyms": [
      "America/Cancun"
    ]
  },
  {
    "value": "America/Cordoba",
    "synonyms": [
      "America/Cordoba"
    ]
  },
  {
    "value": "America/Danmarkshavn",
    "synonyms": [
      "America/Danmarkshavn"
    ]
  },
  {
    "value": "America/Dawson_Creek",
    "synonyms": [
      "America/Dawson_Creek"
    ]
  },
  {
    "value": "America/Grand_Turk",
    "synonyms": [
      "America/Grand_Turk"
    ]
  },
  {
    "value": "America/Havana",
    "synonyms": [
      "America/Havana"
    ]
  },
  {
    "value": "America/Lima",
    "synonyms": [
      "America/Lima"
    ]
  },
  {
    "value": "America/Porto_Velho",
    "synonyms": [
      "America/Porto_Velho"
    ]
  },
  {
    "value": "America/Argentina/San_Juan",
    "synonyms": [
      "America/Argentina/San_Juan"
    ]
  },
  {
    "value": "America/Blanc-Sablon",
    "synonyms": [
      "America/Blanc-Sablon"
    ]
  },
  {
    "value": "America/Chihuahua",
    "synonyms": [
      "America/Chihuahua"
    ]
  },
  {
    "value": "America/Creston",
    "synonyms": [
      "America/Creston"
    ]
  },
  {
    "value": "America/Indiana/Vevay",
    "synonyms": [
      "America/Indiana/Vevay"
    ]
  },
  {
    "value": "America/Inuvik",
    "synonyms": [
      "America/Inuvik"
    ]
  },
  {
    "value": "America/Jujuy",
    "synonyms": [
      "America/Jujuy"
    ]
  },
  {
    "value": "America/Kralendijk",
    "synonyms": [
      "America/Kralendijk"
    ]
  },
  {
    "value": "America/Regina",
    "synonyms": [
      "America/Regina"
    ]
  },
  {
    "value": "America/Rosario",
    "synonyms": [
      "America/Rosario"
    ]
  },
  {
    "value": "America/Edmonton",
    "synonyms": [
      "America/Edmonton"
    ]
  },
  {
    "value": "America/Hermosillo",
    "synonyms": [
      "America/Hermosillo"
    ]
  },
  {
    "value": "America/La_Paz",
    "synonyms": [
      "America/La_Paz"
    ]
  },
  {
    "value": "America/Matamoros",
    "synonyms": [
      "America/Matamoros"
    ]
  },
  {
    "value": "America/Moncton",
    "synonyms": [
      "America/Moncton"
    ]
  },
  {
    "value": "America/New_York",
    "synonyms": [
      "America/New_York"
    ]
  },
  {
    "value": "America/Nipigon",
    "synonyms": [
      "America/Nipigon"
    ]
  },
  {
    "value": "America/North_Dakota/Beulah",
    "synonyms": [
      "America/North_Dakota/Beulah"
    ]
  },
  {
    "value": "America/Paramaribo",
    "synonyms": [
      "America/Paramaribo"
    ]
  },
  {
    "value": "America/Phoenix",
    "synonyms": [
      "America/Phoenix"
    ]
  },
  {
    "value": "America/St_Vincent",
    "synonyms": [
      "America/St_Vincent"
    ]
  },
  {
    "value": "America/Shiprock",
    "synonyms": [
      "America/Shiprock"
    ]
  },
  {
    "value": "America/Virgin",
    "synonyms": [
      "America/Virgin"
    ]
  },
  {
    "value": "Asia/Barnaul",
    "synonyms": [
      "Asia/Barnaul"
    ]
  },
  {
    "value": "America/St_Barthelemy",
    "synonyms": [
      "America/St_Barthelemy"
    ]
  },
  {
    "value": "America/Santa_Isabel",
    "synonyms": [
      "America/Santa_Isabel"
    ]
  },
  {
    "value": "America/Vancouver",
    "synonyms": [
      "America/Vancouver"
    ]
  },
  {
    "value": "Antarctica/Rothera",
    "synonyms": [
      "Antarctica/Rothera"
    ]
  },
  {
    "value": "Antarctica/South_Pole",
    "synonyms": [
      "Antarctica/South_Pole"
    ]
  },
  {
    "value": "Asia/Damascus",
    "synonyms": [
      "Asia/Damascus"
    ]
  },
  {
    "value": "Asia/Hovd",
    "synonyms": [
      "Asia/Hovd"
    ]
  },
  {
    "value": "Antarctica/Troll",
    "synonyms": [
      "Antarctica/Troll"
    ]
  },
  {
    "value": "Asia/Katmandu",
    "synonyms": [
      "Asia/Katmandu"
    ]
  },
  {
    "value": "Asia/Macao",
    "synonyms": [
      "Asia/Macao"
    ]
  },
  {
    "value": "Asia/Pontianak",
    "synonyms": [
      "Asia/Pontianak"
    ]
  },
  {
    "value": "Asia/Tel_Aviv",
    "synonyms": [
      "Asia/Tel_Aviv"
    ]
  },
  {
    "value": "Asia/Thimphu",
    "synonyms": [
      "Asia/Thimphu"
    ]
  },
  {
    "value": "Asia/Tomsk",
    "synonyms": [
      "Asia/Tomsk"
    ]
  },
  {
    "value": "Asia/Ujung_Pandang",
    "synonyms": [
      "Asia/Ujung_Pandang"
    ]
  },
  {
    "value": "Asia/Hong_Kong",
    "synonyms": [
      "Asia/Hong_Kong"
    ]
  },
  {
    "value": "Asia/Jerusalem",
    "synonyms": [
      "Asia/Jerusalem"
    ]
  },
  {
    "value": "Asia/Krasnoyarsk",
    "synonyms": [
      "Asia/Krasnoyarsk"
    ]
  },
  {
    "value": "Asia/Macau",
    "synonyms": [
      "Asia/Macau"
    ]
  },
  {
    "value": "Asia/Tokyo",
    "synonyms": [
      "Asia/Tokyo"
    ]
  },
  {
    "value": "Asia/Amman",
    "synonyms": [
      "Asia/Amman"
    ]
  },
  {
    "value": "Asia/Gaza",
    "synonyms": [
      "Asia/Gaza"
    ]
  },
  {
    "value": "Asia/Khandyga",
    "synonyms": [
      "Asia/Khandyga"
    ]
  },
  {
    "value": "Asia/Kuala_Lumpur",
    "synonyms": [
      "Asia/Kuala_Lumpur"
    ]
  },
  {
    "value": "Asia/Omsk",
    "synonyms": [
      "Asia/Omsk"
    ]
  },
  {
    "value": "Asia/Saigon",
    "synonyms": [
      "Asia/Saigon"
    ]
  },
  {
    "value": "Antarctica/Casey",
    "synonyms": [
      "Antarctica/Casey"
    ]
  },
  {
    "value": "Asia/Aqtobe",
    "synonyms": [
      "Asia/Aqtobe"
    ]
  },
  {
    "value": "Asia/Magadan",
    "synonyms": [
      "Asia/Magadan"
    ]
  },
  {
    "value": "Asia/Nicosia",
    "synonyms": [
      "Asia/Nicosia"
    ]
  },
  {
    "value": "Asia/Tbilisi",
    "synonyms": [
      "Asia/Tbilisi"
    ]
  },
  {
    "value": "America/Swift_Current",
    "synonyms": [
      "America/Swift_Current"
    ]
  },
  {
    "value": "Asia/Almaty",
    "synonyms": [
      "Asia/Almaty"
    ]
  },
  {
    "value": "Asia/Atyrau",
    "synonyms": [
      "Asia/Atyrau"
    ]
  },
  {
    "value": "Asia/Baghdad",
    "synonyms": [
      "Asia/Baghdad"
    ]
  },
  {
    "value": "Asia/Baku",
    "synonyms": [
      "Asia/Baku"
    ]
  },
  {
    "value": "Asia/Bishkek",
    "synonyms": [
      "Asia/Bishkek"
    ]
  },
  {
    "value": "Asia/Colombo",
    "synonyms": [
      "Asia/Colombo"
    ]
  },
  {
    "value": "Asia/Dubai",
    "synonyms": [
      "Asia/Dubai"
    ]
  },
  {
    "value": "Asia/Kolkata",
    "synonyms": [
      "Asia/Kolkata"
    ]
  },
  {
    "value": "America/St_Lucia",
    "synonyms": [
      "America/St_Lucia"
    ]
  },
  {
    "value": "America/Toronto",
    "synonyms": [
      "America/Toronto"
    ]
  },
  {
    "value": "Asia/Aqtau",
    "synonyms": [
      "Asia/Aqtau"
    ]
  },
  {
    "value": "Asia/Calcutta",
    "synonyms": [
      "Asia/Calcutta"
    ]
  },
  {
    "value": "Asia/Chita",
    "synonyms": [
      "Asia/Chita"
    ]
  },
  {
    "value": "Asia/Riyadh",
    "synonyms": [
      "Asia/Riyadh"
    ]
  },
  {
    "value": "Asia/Shanghai",
    "synonyms": [
      "Asia/Shanghai"
    ]
  },
  {
    "value": "America/Thunder_Bay",
    "synonyms": [
      "America/Thunder_Bay"
    ]
  },
  {
    "value": "America/St_Kitts",
    "synonyms": [
      "America/St_Kitts"
    ]
  },
  {
    "value": "Antarctica/DumontDUrville",
    "synonyms": [
      "Antarctica/DumontDUrville"
    ]
  },
  {
    "value": "America/Thule",
    "synonyms": [
      "America/Thule"
    ]
  },
  {
    "value": "America/Sao_Paulo",
    "synonyms": [
      "America/Sao_Paulo"
    ]
  },
  {
    "value": "America/Tegucigalpa",
    "synonyms": [
      "America/Tegucigalpa"
    ]
  },
  {
    "value": "Antarctica/Mawson",
    "synonyms": [
      "Antarctica/Mawson"
    ]
  },
  {
    "value": "Arctic/Longyearbyen",
    "synonyms": [
      "Arctic/Longyearbyen"
    ]
  },
  {
    "value": "Asia/Ashkhabad",
    "synonyms": [
      "Asia/Ashkhabad"
    ]
  },
  {
    "value": "Asia/Beirut",
    "synonyms": [
      "Asia/Beirut"
    ]
  },
  {
    "value": "Asia/Chongqing",
    "synonyms": [
      "Asia/Chongqing"
    ]
  },
  {
    "value": "Asia/Kamchatka",
    "synonyms": [
      "Asia/Kamchatka"
    ]
  },
  {
    "value": "Asia/Makassar",
    "synonyms": [
      "Asia/Makassar"
    ]
  },
  {
    "value": "Asia/Muscat",
    "synonyms": [
      "Asia/Muscat"
    ]
  },
  {
    "value": "Asia/Novosibirsk",
    "synonyms": [
      "Asia/Novosibirsk"
    ]
  },
  {
    "value": "America/Yakutat",
    "synonyms": [
      "America/Yakutat"
    ]
  },
  {
    "value": "Asia/Aden",
    "synonyms": [
      "Asia/Aden"
    ]
  },
  {
    "value": "Asia/Kabul",
    "synonyms": [
      "Asia/Kabul"
    ]
  },
  {
    "value": "Asia/Kashgar",
    "synonyms": [
      "Asia/Kashgar"
    ]
  },
  {
    "value": "Asia/Samarkand",
    "synonyms": [
      "Asia/Samarkand"
    ]
  },
  {
    "value": "Asia/Srednekolymsk",
    "synonyms": [
      "Asia/Srednekolymsk"
    ]
  },
  {
    "value": "Asia/Anadyr",
    "synonyms": [
      "Asia/Anadyr"
    ]
  },
  {
    "value": "Asia/Bahrain",
    "synonyms": [
      "Asia/Bahrain"
    ]
  },
  {
    "value": "Asia/Irkutsk",
    "synonyms": [
      "Asia/Irkutsk"
    ]
  },
  {
    "value": "Asia/Karachi",
    "synonyms": [
      "Asia/Karachi"
    ]
  },
  {
    "value": "Asia/Phnom_Penh",
    "synonyms": [
      "Asia/Phnom_Penh"
    ]
  },
  {
    "value": "America/St_Thomas",
    "synonyms": [
      "America/St_Thomas"
    ]
  },
  {
    "value": "Asia/Ashgabat",
    "synonyms": [
      "Asia/Ashgabat"
    ]
  },
  {
    "value": "Asia/Chungking",
    "synonyms": [
      "Asia/Chungking"
    ]
  },
  {
    "value": "Asia/Dacca",
    "synonyms": [
      "Asia/Dacca"
    ]
  },
  {
    "value": "Asia/Dhaka",
    "synonyms": [
      "Asia/Dhaka"
    ]
  },
  {
    "value": "Asia/Kuching",
    "synonyms": [
      "Asia/Kuching"
    ]
  },
  {
    "value": "Asia/Tashkent",
    "synonyms": [
      "Asia/Tashkent"
    ]
  },
  {
    "value": "America/Santarem",
    "synonyms": [
      "America/Santarem"
    ]
  },
  {
    "value": "America/Scoresbysund",
    "synonyms": [
      "America/Scoresbysund"
    ]
  },
  {
    "value": "America/Tortola",
    "synonyms": [
      "America/Tortola"
    ]
  },
  {
    "value": "Antarctica/Davis",
    "synonyms": [
      "Antarctica/Davis"
    ]
  },
  {
    "value": "Asia/Dili",
    "synonyms": [
      "Asia/Dili"
    ]
  },
  {
    "value": "Asia/Jayapura",
    "synonyms": [
      "Asia/Jayapura"
    ]
  },
  {
    "value": "Asia/Kuwait",
    "synonyms": [
      "Asia/Kuwait"
    ]
  },
  {
    "value": "Asia/Rangoon",
    "synonyms": [
      "Asia/Rangoon"
    ]
  },
  {
    "value": "Asia/Seoul",
    "synonyms": [
      "Asia/Seoul"
    ]
  },
  {
    "value": "America/Whitehorse",
    "synonyms": [
      "America/Whitehorse"
    ]
  },
  {
    "value": "Asia/Bangkok",
    "synonyms": [
      "Asia/Bangkok"
    ]
  },
  {
    "value": "Asia/Novokuznetsk",
    "synonyms": [
      "Asia/Novokuznetsk"
    ]
  },
  {
    "value": "America/Tijuana",
    "synonyms": [
      "America/Tijuana"
    ]
  },
  {
    "value": "America/Winnipeg",
    "synonyms": [
      "America/Winnipeg"
    ]
  },
  {
    "value": "Antarctica/Syowa",
    "synonyms": [
      "Antarctica/Syowa"
    ]
  },
  {
    "value": "Asia/Brunei",
    "synonyms": [
      "Asia/Brunei"
    ]
  },
  {
    "value": "Asia/Istanbul",
    "synonyms": [
      "Asia/Istanbul"
    ]
  },
  {
    "value": "Asia/Jakarta",
    "synonyms": [
      "Asia/Jakarta"
    ]
  },
  {
    "value": "Asia/Oral",
    "synonyms": [
      "Asia/Oral"
    ]
  },
  {
    "value": "Asia/Qatar",
    "synonyms": [
      "Asia/Qatar"
    ]
  },
  {
    "value": "Asia/Taipei",
    "synonyms": [
      "Asia/Taipei"
    ]
  },
  {
    "value": "America/Sitka",
    "synonyms": [
      "America/Sitka"
    ]
  },
  {
    "value": "Antarctica/McMurdo",
    "synonyms": [
      "Antarctica/McMurdo"
    ]
  },
  {
    "value": "Antarctica/Palmer",
    "synonyms": [
      "Antarctica/Palmer"
    ]
  },
  {
    "value": "Asia/Dushanbe",
    "synonyms": [
      "Asia/Dushanbe"
    ]
  },
  {
    "value": "Asia/Famagusta",
    "synonyms": [
      "Asia/Famagusta"
    ]
  },
  {
    "value": "Asia/Kathmandu",
    "synonyms": [
      "Asia/Kathmandu"
    ]
  },
  {
    "value": "Asia/Singapore",
    "synonyms": [
      "Asia/Singapore"
    ]
  },
  {
    "value": "Asia/Thimbu",
    "synonyms": [
      "Asia/Thimbu"
    ]
  },
  {
    "value": "America/Santiago",
    "synonyms": [
      "America/Santiago"
    ]
  },
  {
    "value": "America/Santo_Domingo",
    "synonyms": [
      "America/Santo_Domingo"
    ]
  },
  {
    "value": "America/St_Johns",
    "synonyms": [
      "America/St_Johns"
    ]
  },
  {
    "value": "America/Yellowknife",
    "synonyms": [
      "America/Yellowknife"
    ]
  },
  {
    "value": "Antarctica/Macquarie",
    "synonyms": [
      "Antarctica/Macquarie"
    ]
  },
  {
    "value": "Antarctica/Vostok",
    "synonyms": [
      "Antarctica/Vostok"
    ]
  },
  {
    "value": "Asia/Choibalsan",
    "synonyms": [
      "Asia/Choibalsan"
    ]
  },
  {
    "value": "Asia/Harbin",
    "synonyms": [
      "Asia/Harbin"
    ]
  },
  {
    "value": "Asia/Hebron",
    "synonyms": [
      "Asia/Hebron"
    ]
  },
  {
    "value": "Asia/Ho_Chi_Minh",
    "synonyms": [
      "Asia/Ho_Chi_Minh"
    ]
  },
  {
    "value": "Asia/Manila",
    "synonyms": [
      "Asia/Manila"
    ]
  },
  {
    "value": "Asia/Pyongyang",
    "synonyms": [
      "Asia/Pyongyang"
    ]
  },
  {
    "value": "Asia/Qyzylorda",
    "synonyms": [
      "Asia/Qyzylorda"
    ]
  },
  {
    "value": "Asia/Sakhalin",
    "synonyms": [
      "Asia/Sakhalin"
    ]
  },
  {
    "value": "Asia/Tehran",
    "synonyms": [
      "Asia/Tehran"
    ]
  },
  {
    "value": "Asia/Yekaterinburg",
    "synonyms": [
      "Asia/Yekaterinburg"
    ]
  },
  {
    "value": "Australia/South",
    "synonyms": [
      "Australia/South"
    ]
  },
  {
    "value": "Atlantic/Jan_Mayen",
    "synonyms": [
      "Atlantic/Jan_Mayen"
    ]
  },
  {
    "value": "Australia/West",
    "synonyms": [
      "Australia/West"
    ]
  },
  {
    "value": "Canada/Atlantic",
    "synonyms": [
      "Canada/Atlantic"
    ]
  },
  {
    "value": "Canada/Newfoundland",
    "synonyms": [
      "Canada/Newfoundland"
    ]
  },
  {
    "value": "Eire",
    "synonyms": [
      "Eire"
    ]
  },
  {
    "value": "Etc/GMT+10",
    "synonyms": [
      "Etc/GMT+10"
    ]
  },
  {
    "value": "Europe/Kiev",
    "synonyms": [
      "Europe/Kiev"
    ]
  },
  {
    "value": "CET",
    "synonyms": [
      "CET"
    ]
  },
  {
    "value": "Etc/GMT0",
    "synonyms": [
      "Etc/GMT0"
    ]
  },
  {
    "value": "Europe/Lisbon",
    "synonyms": [
      "Europe/Lisbon"
    ]
  },
  {
    "value": "Asia/Ust-Nera",
    "synonyms": [
      "Asia/Ust-Nera"
    ]
  },
  {
    "value": "Atlantic/Cape_Verde",
    "synonyms": [
      "Atlantic/Cape_Verde"
    ]
  },
  {
    "value": "Atlantic/Madeira",
    "synonyms": [
      "Atlantic/Madeira"
    ]
  },
  {
    "value": "Australia/Sydney",
    "synonyms": [
      "Australia/Sydney"
    ]
  },
  {
    "value": "Australia/Victoria",
    "synonyms": [
      "Australia/Victoria"
    ]
  },
  {
    "value": "Canada/East-Saskatchewan",
    "synonyms": [
      "Canada/East-Saskatchewan"
    ]
  },
  {
    "value": "Canada/Mountain",
    "synonyms": [
      "Canada/Mountain"
    ]
  },
  {
    "value": "Canada/Saskatchewan",
    "synonyms": [
      "Canada/Saskatchewan"
    ]
  },
  {
    "value": "Chile/EasterIsland",
    "synonyms": [
      "Chile/EasterIsland"
    ]
  },
  {
    "value": "Etc/GMT+7",
    "synonyms": [
      "Etc/GMT+7"
    ]
  },
  {
    "value": "Etc/GMT+9",
    "synonyms": [
      "Etc/GMT+9"
    ]
  },
  {
    "value": "Etc/GMT-12",
    "synonyms": [
      "Etc/GMT-12"
    ]
  },
  {
    "value": "Etc/GMT-4",
    "synonyms": [
      "Etc/GMT-4"
    ]
  },
  {
    "value": "Etc/UCT",
    "synonyms": [
      "Etc/UCT"
    ]
  },
  {
    "value": "Etc/UTC",
    "synonyms": [
      "Etc/UTC"
    ]
  },
  {
    "value": "Europe/Athens",
    "synonyms": [
      "Europe/Athens"
    ]
  },
  {
    "value": "Europe/Chisinau",
    "synonyms": [
      "Europe/Chisinau"
    ]
  },
  {
    "value": "Europe/Copenhagen",
    "synonyms": [
      "Europe/Copenhagen"
    ]
  },
  {
    "value": "Europe/Kirov",
    "synonyms": [
      "Europe/Kirov"
    ]
  },
  {
    "value": "Atlantic/Faeroe",
    "synonyms": [
      "Atlantic/Faeroe"
    ]
  },
  {
    "value": "Atlantic/St_Helena",
    "synonyms": [
      "Atlantic/St_Helena"
    ]
  },
  {
    "value": "Egypt",
    "synonyms": [
      "Egypt"
    ]
  },
  {
    "value": "Etc/GMT-0",
    "synonyms": [
      "Etc/GMT-0"
    ]
  },
  {
    "value": "Etc/GMT-13",
    "synonyms": [
      "Etc/GMT-13"
    ]
  },
  {
    "value": "Etc/GMT-2",
    "synonyms": [
      "Etc/GMT-2"
    ]
  },
  {
    "value": "Etc/Universal",
    "synonyms": [
      "Etc/Universal"
    ]
  },
  {
    "value": "Atlantic/Reykjavik",
    "synonyms": [
      "Atlantic/Reykjavik"
    ]
  },
  {
    "value": "Atlantic/Canary",
    "synonyms": [
      "Atlantic/Canary"
    ]
  },
  {
    "value": "Atlantic/Bermuda",
    "synonyms": [
      "Atlantic/Bermuda"
    ]
  },
  {
    "value": "Asia/Yakutsk",
    "synonyms": [
      "Asia/Yakutsk"
    ]
  },
  {
    "value": "Asia/Ulaanbaatar",
    "synonyms": [
      "Asia/Ulaanbaatar"
    ]
  },
  {
    "value": "Asia/Vientiane",
    "synonyms": [
      "Asia/Vientiane"
    ]
  },
  {
    "value": "Australia/Adelaide",
    "synonyms": [
      "Australia/Adelaide"
    ]
  },
  {
    "value": "Brazil/East",
    "synonyms": [
      "Brazil/East"
    ]
  },
  {
    "value": "Cuba",
    "synonyms": [
      "Cuba"
    ]
  },
  {
    "value": "Etc/GMT+11",
    "synonyms": [
      "Etc/GMT+11"
    ]
  },
  {
    "value": "Etc/GMT+3",
    "synonyms": [
      "Etc/GMT+3"
    ]
  },
  {
    "value": "Etc/GMT+8",
    "synonyms": [
      "Etc/GMT+8"
    ]
  },
  {
    "value": "Etc/GMT-11",
    "synonyms": [
      "Etc/GMT-11"
    ]
  },
  {
    "value": "Etc/GMT-3",
    "synonyms": [
      "Etc/GMT-3"
    ]
  },
  {
    "value": "Etc/GMT-7",
    "synonyms": [
      "Etc/GMT-7"
    ]
  },
  {
    "value": "Asia/Yerevan",
    "synonyms": [
      "Asia/Yerevan"
    ]
  },
  {
    "value": "Atlantic/Stanley",
    "synonyms": [
      "Atlantic/Stanley"
    ]
  },
  {
    "value": "Australia/Hobart",
    "synonyms": [
      "Australia/Hobart"
    ]
  },
  {
    "value": "Brazil/West",
    "synonyms": [
      "Brazil/West"
    ]
  },
  {
    "value": "Etc/GMT+4",
    "synonyms": [
      "Etc/GMT+4"
    ]
  },
  {
    "value": "Etc/Zulu",
    "synonyms": [
      "Etc/Zulu"
    ]
  },
  {
    "value": "Europe/Belfast",
    "synonyms": [
      "Europe/Belfast"
    ]
  },
  {
    "value": "Europe/Berlin",
    "synonyms": [
      "Europe/Berlin"
    ]
  },
  {
    "value": "Europe/Jersey",
    "synonyms": [
      "Europe/Jersey"
    ]
  },
  {
    "value": "Australia/Brisbane",
    "synonyms": [
      "Australia/Brisbane"
    ]
  },
  {
    "value": "Etc/GMT-1",
    "synonyms": [
      "Etc/GMT-1"
    ]
  },
  {
    "value": "Asia/Vladivostok",
    "synonyms": [
      "Asia/Vladivostok"
    ]
  },
  {
    "value": "Atlantic/South_Georgia",
    "synonyms": [
      "Atlantic/South_Georgia"
    ]
  },
  {
    "value": "CST6CDT",
    "synonyms": [
      "CST6CDT"
    ]
  },
  {
    "value": "Etc/GMT-8",
    "synonyms": [
      "Etc/GMT-8"
    ]
  },
  {
    "value": "Etc/GMT-9",
    "synonyms": [
      "Etc/GMT-9"
    ]
  },
  {
    "value": "Europe/Andorra",
    "synonyms": [
      "Europe/Andorra"
    ]
  },
  {
    "value": "Australia/Perth",
    "synonyms": [
      "Australia/Perth"
    ]
  },
  {
    "value": "Canada/Central",
    "synonyms": [
      "Canada/Central"
    ]
  },
  {
    "value": "Canada/Yukon",
    "synonyms": [
      "Canada/Yukon"
    ]
  },
  {
    "value": "Etc/GMT+0",
    "synonyms": [
      "Etc/GMT+0"
    ]
  },
  {
    "value": "Etc/GMT-10",
    "synonyms": [
      "Etc/GMT-10"
    ]
  },
  {
    "value": "Etc/Greenwich",
    "synonyms": [
      "Etc/Greenwich"
    ]
  },
  {
    "value": "Europe/Dublin",
    "synonyms": [
      "Europe/Dublin"
    ]
  },
  {
    "value": "Australia/ACT",
    "synonyms": [
      "Australia/ACT"
    ]
  },
  {
    "value": "Australia/North",
    "synonyms": [
      "Australia/North"
    ]
  },
  {
    "value": "Australia/Yancowinna",
    "synonyms": [
      "Australia/Yancowinna"
    ]
  },
  {
    "value": "Chile/Continental",
    "synonyms": [
      "Chile/Continental"
    ]
  },
  {
    "value": "Etc/GMT",
    "synonyms": [
      "Etc/GMT"
    ]
  },
  {
    "value": "Etc/GMT-6",
    "synonyms": [
      "Etc/GMT-6"
    ]
  },
  {
    "value": "Europe/Belgrade",
    "synonyms": [
      "Europe/Belgrade"
    ]
  },
  {
    "value": "Europe/Brussels",
    "synonyms": [
      "Europe/Brussels"
    ]
  },
  {
    "value": "Europe/Gibraltar",
    "synonyms": [
      "Europe/Gibraltar"
    ]
  },
  {
    "value": "Europe/Isle_of_Man",
    "synonyms": [
      "Europe/Isle_of_Man"
    ]
  },
  {
    "value": "Australia/Currie",
    "synonyms": [
      "Australia/Currie"
    ]
  },
  {
    "value": "Australia/Darwin",
    "synonyms": [
      "Australia/Darwin"
    ]
  },
  {
    "value": "Australia/NSW",
    "synonyms": [
      "Australia/NSW"
    ]
  },
  {
    "value": "Australia/Tasmania",
    "synonyms": [
      "Australia/Tasmania"
    ]
  },
  {
    "value": "Brazil/DeNoronha",
    "synonyms": [
      "Brazil/DeNoronha"
    ]
  },
  {
    "value": "Etc/GMT+5",
    "synonyms": [
      "Etc/GMT+5"
    ]
  },
  {
    "value": "Europe/Astrakhan",
    "synonyms": [
      "Europe/Astrakhan"
    ]
  },
  {
    "value": "Asia/Ulan_Bator",
    "synonyms": [
      "Asia/Ulan_Bator"
    ]
  },
  {
    "value": "Atlantic/Azores",
    "synonyms": [
      "Atlantic/Azores"
    ]
  },
  {
    "value": "Australia/Lindeman",
    "synonyms": [
      "Australia/Lindeman"
    ]
  },
  {
    "value": "Asia/Urumqi",
    "synonyms": [
      "Asia/Urumqi"
    ]
  },
  {
    "value": "Asia/Yangon",
    "synonyms": [
      "Asia/Yangon"
    ]
  },
  {
    "value": "Atlantic/Faroe",
    "synonyms": [
      "Atlantic/Faroe"
    ]
  },
  {
    "value": "Australia/Eucla",
    "synonyms": [
      "Australia/Eucla"
    ]
  },
  {
    "value": "Etc/GMT+1",
    "synonyms": [
      "Etc/GMT+1"
    ]
  },
  {
    "value": "Etc/GMT-14",
    "synonyms": [
      "Etc/GMT-14"
    ]
  },
  {
    "value": "Europe/Amsterdam",
    "synonyms": [
      "Europe/Amsterdam"
    ]
  },
  {
    "value": "EST",
    "synonyms": [
      "EST"
    ]
  },
  {
    "value": "EST5EDT",
    "synonyms": [
      "EST5EDT"
    ]
  },
  {
    "value": "Europe/Bratislava",
    "synonyms": [
      "Europe/Bratislava"
    ]
  },
  {
    "value": "Europe/Helsinki",
    "synonyms": [
      "Europe/Helsinki"
    ]
  },
  {
    "value": "Australia/Broken_Hill",
    "synonyms": [
      "Australia/Broken_Hill"
    ]
  },
  {
    "value": "Australia/LHI",
    "synonyms": [
      "Australia/LHI"
    ]
  },
  {
    "value": "Australia/Queensland",
    "synonyms": [
      "Australia/Queensland"
    ]
  },
  {
    "value": "Canada/Pacific",
    "synonyms": [
      "Canada/Pacific"
    ]
  },
  {
    "value": "Etc/GMT+12",
    "synonyms": [
      "Etc/GMT+12"
    ]
  },
  {
    "value": "Europe/Bucharest",
    "synonyms": [
      "Europe/Bucharest"
    ]
  },
  {
    "value": "Europe/Busingen",
    "synonyms": [
      "Europe/Busingen"
    ]
  },
  {
    "value": "Europe/Guernsey",
    "synonyms": [
      "Europe/Guernsey"
    ]
  },
  {
    "value": "Europe/Istanbul",
    "synonyms": [
      "Europe/Istanbul"
    ]
  },
  {
    "value": "Australia/Canberra",
    "synonyms": [
      "Australia/Canberra"
    ]
  },
  {
    "value": "Australia/Lord_Howe",
    "synonyms": [
      "Australia/Lord_Howe"
    ]
  },
  {
    "value": "Australia/Melbourne",
    "synonyms": [
      "Australia/Melbourne"
    ]
  },
  {
    "value": "Brazil/Acre",
    "synonyms": [
      "Brazil/Acre"
    ]
  },
  {
    "value": "Etc/GMT+2",
    "synonyms": [
      "Etc/GMT+2"
    ]
  },
  {
    "value": "Etc/GMT+6",
    "synonyms": [
      "Etc/GMT+6"
    ]
  },
  {
    "value": "Etc/GMT-5",
    "synonyms": [
      "Etc/GMT-5"
    ]
  },
  {
    "value": "Europe/Budapest",
    "synonyms": [
      "Europe/Budapest"
    ]
  },
  {
    "value": "Europe/Kaliningrad",
    "synonyms": [
      "Europe/Kaliningrad"
    ]
  },
  {
    "value": "Canada/Eastern",
    "synonyms": [
      "Canada/Eastern"
    ]
  },
  {
    "value": "EET",
    "synonyms": [
      "EET"
    ]
  },
  {
    "value": "Europe/Rome",
    "synonyms": [
      "Europe/Rome"
    ]
  },
  {
    "value": "Europe/Ljubljana",
    "synonyms": [
      "Europe/Ljubljana"
    ]
  },
  {
    "value": "Europe/Vatican",
    "synonyms": [
      "Europe/Vatican"
    ]
  },
  {
    "value": "MST",
    "synonyms": [
      "MST"
    ]
  },
  {
    "value": "Pacific/Bougainville",
    "synonyms": [
      "Pacific/Bougainville"
    ]
  },
  {
    "value": "Pacific/Kiritimati",
    "synonyms": [
      "Pacific/Kiritimati"
    ]
  },
  {
    "value": "Pacific/Pago_Pago",
    "synonyms": [
      "Pacific/Pago_Pago"
    ]
  },
  {
    "value": "Pacific/Ponape",
    "synonyms": [
      "Pacific/Ponape"
    ]
  },
  {
    "value": "Pacific/Port_Moresby",
    "synonyms": [
      "Pacific/Port_Moresby"
    ]
  },
  {
    "value": "Europe/Malta",
    "synonyms": [
      "Europe/Malta"
    ]
  },
  {
    "value": "Europe/Paris",
    "synonyms": [
      "Europe/Paris"
    ]
  },
  {
    "value": "Europe/Skopje",
    "synonyms": [
      "Europe/Skopje"
    ]
  },
  {
    "value": "GMT0",
    "synonyms": [
      "GMT0"
    ]
  },
  {
    "value": "Indian/Comoro",
    "synonyms": [
      "Indian/Comoro"
    ]
  },
  {
    "value": "Indian/Mayotte",
    "synonyms": [
      "Indian/Mayotte"
    ]
  },
  {
    "value": "Indian/Reunion",
    "synonyms": [
      "Indian/Reunion"
    ]
  },
  {
    "value": "Mexico/BajaSur",
    "synonyms": [
      "Mexico/BajaSur"
    ]
  },
  {
    "value": "Pacific/Guadalcanal",
    "synonyms": [
      "Pacific/Guadalcanal"
    ]
  },
  {
    "value": "Pacific/Honolulu",
    "synonyms": [
      "Pacific/Honolulu"
    ]
  },
  {
    "value": "Pacific/Marquesas",
    "synonyms": [
      "Pacific/Marquesas"
    ]
  },
  {
    "value": "Pacific/Nauru",
    "synonyms": [
      "Pacific/Nauru"
    ]
  },
  {
    "value": "Pacific/Palau",
    "synonyms": [
      "Pacific/Palau"
    ]
  },
  {
    "value": "Pacific/Yap",
    "synonyms": [
      "Pacific/Yap"
    ]
  },
  {
    "value": "Poland",
    "synonyms": [
      "Poland"
    ]
  },
  {
    "value": "Europe/London",
    "synonyms": [
      "Europe/London"
    ]
  },
  {
    "value": "Europe/Tallinn",
    "synonyms": [
      "Europe/Tallinn"
    ]
  },
  {
    "value": "Europe/Tiraspol",
    "synonyms": [
      "Europe/Tiraspol"
    ]
  },
  {
    "value": "Europe/Minsk",
    "synonyms": [
      "Europe/Minsk"
    ]
  },
  {
    "value": "Europe/Madrid",
    "synonyms": [
      "Europe/Madrid"
    ]
  },
  {
    "value": "GMT-0",
    "synonyms": [
      "GMT-0"
    ]
  },
  {
    "value": "Europe/Moscow",
    "synonyms": [
      "Europe/Moscow"
    ]
  },
  {
    "value": "Europe/Podgorica",
    "synonyms": [
      "Europe/Podgorica"
    ]
  },
  {
    "value": "Europe/Tirane",
    "synonyms": [
      "Europe/Tirane"
    ]
  },
  {
    "value": "Europe/Zurich",
    "synonyms": [
      "Europe/Zurich"
    ]
  },
  {
    "value": "GMT+0",
    "synonyms": [
      "GMT+0"
    ]
  },
  {
    "value": "Mexico/BajaNorte",
    "synonyms": [
      "Mexico/BajaNorte"
    ]
  },
  {
    "value": "Pacific/Efate",
    "synonyms": [
      "Pacific/Efate"
    ]
  },
  {
    "value": "Pacific/Gambier",
    "synonyms": [
      "Pacific/Gambier"
    ]
  },
  {
    "value": "Pacific/Truk",
    "synonyms": [
      "Pacific/Truk"
    ]
  },
  {
    "value": "Europe/Uzhgorod",
    "synonyms": [
      "Europe/Uzhgorod"
    ]
  },
  {
    "value": "Iceland",
    "synonyms": [
      "Iceland"
    ]
  },
  {
    "value": "Indian/Mahe",
    "synonyms": [
      "Indian/Mahe"
    ]
  },
  {
    "value": "PST8PDT",
    "synonyms": [
      "PST8PDT"
    ]
  },
  {
    "value": "Pacific/Fakaofo",
    "synonyms": [
      "Pacific/Fakaofo"
    ]
  },
  {
    "value": "Pacific/Majuro",
    "synonyms": [
      "Pacific/Majuro"
    ]
  },
  {
    "value": "Pacific/Niue",
    "synonyms": [
      "Pacific/Niue"
    ]
  },
  {
    "value": "Pacific/Pohnpei",
    "synonyms": [
      "Pacific/Pohnpei"
    ]
  },
  {
    "value": "Singapore",
    "synonyms": [
      "Singapore"
    ]
  },
  {
    "value": "Indian/Mauritius",
    "synonyms": [
      "Indian/Mauritius"
    ]
  },
  {
    "value": "NZ",
    "synonyms": [
      "NZ"
    ]
  },
  {
    "value": "Pacific/Easter",
    "synonyms": [
      "Pacific/Easter"
    ]
  },
  {
    "value": "Pacific/Galapagos",
    "synonyms": [
      "Pacific/Galapagos"
    ]
  },
  {
    "value": "Pacific/Johnston",
    "synonyms": [
      "Pacific/Johnston"
    ]
  },
  {
    "value": "Pacific/Kwajalein",
    "synonyms": [
      "Pacific/Kwajalein"
    ]
  },
  {
    "value": "Pacific/Rarotonga",
    "synonyms": [
      "Pacific/Rarotonga"
    ]
  },
  {
    "value": "Europe/Simferopol",
    "synonyms": [
      "Europe/Simferopol"
    ]
  },
  {
    "value": "Europe/Zaporozhye",
    "synonyms": [
      "Europe/Zaporozhye"
    ]
  },
  {
    "value": "Indian/Maldives",
    "synonyms": [
      "Indian/Maldives"
    ]
  },
  {
    "value": "Pacific/Funafuti",
    "synonyms": [
      "Pacific/Funafuti"
    ]
  },
  {
    "value": "Pacific/Kosrae",
    "synonyms": [
      "Pacific/Kosrae"
    ]
  },
  {
    "value": "Pacific/Pitcairn",
    "synonyms": [
      "Pacific/Pitcairn"
    ]
  },
  {
    "value": "Europe/Nicosia",
    "synonyms": [
      "Europe/Nicosia"
    ]
  },
  {
    "value": "Europe/Volgograd",
    "synonyms": [
      "Europe/Volgograd"
    ]
  },
  {
    "value": "Pacific/Chatham",
    "synonyms": [
      "Pacific/Chatham"
    ]
  },
  {
    "value": "Pacific/Fiji",
    "synonyms": [
      "Pacific/Fiji"
    ]
  },
  {
    "value": "ROC",
    "synonyms": [
      "ROC"
    ]
  },
  {
    "value": "Europe/Sofia",
    "synonyms": [
      "Europe/Sofia"
    ]
  },
  {
    "value": "MST7MDT",
    "synonyms": [
      "MST7MDT"
    ]
  },
  {
    "value": "Pacific/Auckland",
    "synonyms": [
      "Pacific/Auckland"
    ]
  },
  {
    "value": "Pacific/Wallis",
    "synonyms": [
      "Pacific/Wallis"
    ]
  },
  {
    "value": "Indian/Antananarivo",
    "synonyms": [
      "Indian/Antananarivo"
    ]
  },
  {
    "value": "Indian/Chagos",
    "synonyms": [
      "Indian/Chagos"
    ]
  },
  {
    "value": "Indian/Kerguelen",
    "synonyms": [
      "Indian/Kerguelen"
    ]
  },
  {
    "value": "NZ-CHAT",
    "synonyms": [
      "NZ-CHAT"
    ]
  },
  {
    "value": "Pacific/Chuuk",
    "synonyms": [
      "Pacific/Chuuk"
    ]
  },
  {
    "value": "Pacific/Enderbury",
    "synonyms": [
      "Pacific/Enderbury"
    ]
  },
  {
    "value": "Portugal",
    "synonyms": [
      "Portugal"
    ]
  },
  {
    "value": "Europe/Saratov",
    "synonyms": [
      "Europe/Saratov"
    ]
  },
  {
    "value": "GB",
    "synonyms": [
      "GB"
    ]
  },
  {
    "value": "Kwajalein",
    "synonyms": [
      "Kwajalein"
    ]
  },
  {
    "value": "Pacific/Saipan",
    "synonyms": [
      "Pacific/Saipan"
    ]
  },
  {
    "value": "US/Aleutian",
    "synonyms": [
      "US/Aleutian"
    ]
  },
  {
    "value": "Europe/Oslo",
    "synonyms": [
      "Europe/Oslo"
    ]
  },
  {
    "value": "Europe/Vaduz",
    "synonyms": [
      "Europe/Vaduz"
    ]
  },
  {
    "value": "Europe/Prague",
    "synonyms": [
      "Europe/Prague"
    ]
  },
  {
    "value": "Europe/Riga",
    "synonyms": [
      "Europe/Riga"
    ]
  },
  {
    "value": "Japan",
    "synonyms": [
      "Japan"
    ]
  },
  {
    "value": "Libya",
    "synonyms": [
      "Libya"
    ]
  },
  {
    "value": "Navajo",
    "synonyms": [
      "Navajo"
    ]
  },
  {
    "value": "PRC",
    "synonyms": [
      "PRC"
    ]
  },
  {
    "value": "Europe/Monaco",
    "synonyms": [
      "Europe/Monaco"
    ]
  },
  {
    "value": "Europe/Luxembourg",
    "synonyms": [
      "Europe/Luxembourg"
    ]
  },
  {
    "value": "Europe/Vilnius",
    "synonyms": [
      "Europe/Vilnius"
    ]
  },
  {
    "value": "Europe/Samara",
    "synonyms": [
      "Europe/Samara"
    ]
  },
  {
    "value": "Europe/San_Marino",
    "synonyms": [
      "Europe/San_Marino"
    ]
  },
  {
    "value": "Europe/Stockholm",
    "synonyms": [
      "Europe/Stockholm"
    ]
  },
  {
    "value": "Israel",
    "synonyms": [
      "Israel"
    ]
  },
  {
    "value": "Pacific/Guam",
    "synonyms": [
      "Pacific/Guam"
    ]
  },
  {
    "value": "Pacific/Midway",
    "synonyms": [
      "Pacific/Midway"
    ]
  },
  {
    "value": "Pacific/Samoa",
    "synonyms": [
      "Pacific/Samoa"
    ]
  },
  {
    "value": "Europe/Vienna",
    "synonyms": [
      "Europe/Vienna"
    ]
  },
  {
    "value": "GMT",
    "synonyms": [
      "GMT"
    ]
  },
  {
    "value": "HST",
    "synonyms": [
      "HST"
    ]
  },
  {
    "value": "Hongkong",
    "synonyms": [
      "Hongkong"
    ]
  },
  {
    "value": "Pacific/Norfolk",
    "synonyms": [
      "Pacific/Norfolk"
    ]
  },
  {
    "value": "Pacific/Noumea",
    "synonyms": [
      "Pacific/Noumea"
    ]
  },
  {
    "value": "Europe/Mariehamn",
    "synonyms": [
      "Europe/Mariehamn"
    ]
  },
  {
    "value": "Europe/Warsaw",
    "synonyms": [
      "Europe/Warsaw"
    ]
  },
  {
    "value": "Greenwich",
    "synonyms": [
      "Greenwich"
    ]
  },
  {
    "value": "Indian/Christmas",
    "synonyms": [
      "Indian/Christmas"
    ]
  },
  {
    "value": "Pacific/Tarawa",
    "synonyms": [
      "Pacific/Tarawa"
    ]
  },
  {
    "value": "ROK",
    "synonyms": [
      "ROK"
    ]
  },
  {
    "value": "UCT",
    "synonyms": [
      "UCT"
    ]
  },
  {
    "value": "US/Alaska",
    "synonyms": [
      "US/Alaska"
    ]
  },
  {
    "value": "Europe/Sarajevo",
    "synonyms": [
      "Europe/Sarajevo"
    ]
  },
  {
    "value": "Europe/Ulyanovsk",
    "synonyms": [
      "Europe/Ulyanovsk"
    ]
  },
  {
    "value": "GB-Eire",
    "synonyms": [
      "GB-Eire"
    ]
  },
  {
    "value": "Iran",
    "synonyms": [
      "Iran"
    ]
  },
  {
    "value": "Jamaica",
    "synonyms": [
      "Jamaica"
    ]
  },
  {
    "value": "Mexico/General",
    "synonyms": [
      "Mexico/General"
    ]
  },
  {
    "value": "Pacific/Apia",
    "synonyms": [
      "Pacific/Apia"
    ]
  },
  {
    "value": "Pacific/Tahiti",
    "synonyms": [
      "Pacific/Tahiti"
    ]
  },
  {
    "value": "Pacific/Tongatapu",
    "synonyms": [
      "Pacific/Tongatapu"
    ]
  },
  {
    "value": "Europe/Zagreb",
    "synonyms": [
      "Europe/Zagreb"
    ]
  },
  {
    "value": "Indian/Cocos",
    "synonyms": [
      "Indian/Cocos"
    ]
  },
  {
    "value": "MET",
    "synonyms": [
      "MET"
    ]
  },
  {
    "value": "Pacific/Wake",
    "synonyms": [
      "Pacific/Wake"
    ]
  },
  {
    "value": "Turkey",
    "synonyms": [
      "Turkey"
    ]
  },
  {
    "value": "US/Indiana-Starke",
    "synonyms": [
      "US/Indiana-Starke"
    ]
  },
  {
    "value": "CST",
    "synonyms": [
      "CST"
    ]
  },
  {
    "value": "US/Mountain",
    "synonyms": [
      "US/Mountain"
    ]
  },
  {
    "value": "Universal",
    "synonyms": [
      "Universal"
    ]
  },
  {
    "value": "US/Eastern",
    "synonyms": [
      "US/Eastern"
    ]
  },
  {
    "value": "WET",
    "synonyms": [
      "WET"
    ]
  },
  {
    "value": "US/East-Indiana",
    "synonyms": [
      "US/East-Indiana"
    ]
  },
  {
    "value": "US/Arizona",
    "synonyms": [
      "US/Arizona"
    ]
  },
  {
    "value": "US/Central",
    "synonyms": [
      "US/Central"
    ]
  },
  {
    "value": "US/Pacific-New",
    "synonyms": [
      "US/Pacific-New"
    ]
  },
  {
    "value": "US/Hawaii",
    "synonyms": [
      "US/Hawaii"
    ]
  },
  {
    "value": "US/Michigan",
    "synonyms": [
      "US/Michigan"
    ]
  },
  {
    "value": "US/Samoa",
    "synonyms": [
      "US/Samoa"
    ]
  },
  {
    "value": "America/Chicago",
    "synonyms": [
      "America/Chicago"
    ]
  },
  {
    "value": "US/Pacific",
    "synonyms": [
      "US/Pacific"
    ]
  },
  {
    "value": "UTC",
    "synonyms": [
      "UTC"
    ]
  },
  {
    "value": "W-SU",
    "synonyms": [
      "W-SU"
    ]
  },
  {
    "value": "Zulu",
    "synonyms": [
      "Zulu"
    ]
  }
]