[
  {
    "id": "461ed2ab-f4a6-4169-b194-19c0d2e3ce16",
    "data": [
      {
        "text": "I am in ",
        "userDefined": false
      },
      {
        "text": "New York",
        "alias": "geo-city",
        "meta": "@sys.geo-city",
        "userDefined": false
      }
    ],
    "isTemplate": false,
    "count": 0,
    "updated": 0
  },
  {
    "id": "af1ad992-bf4d-4a9e-954b-ee72a0750313",
    "data": [
      {
        "text": "set my timezone based on ",
        "userDefined": false
      },
      {
        "text": "Chicago",
        "alias": "geo-city",
        "meta": "@sys.geo-city",
        "userDefined": false
      }
    ],
    "isTemplate": false,
    "count": 0,
    "updated": 1520367163
  },
  {
    "id": "76b70925-55cc-4d3b-a886-a85e8e9caf5b",
    "data": [
      {
        "text": "I am on ",
        "userDefined": false
      },
      {
        "text": "Chicago",
        "alias": "geo-city",
        "meta": "@sys.geo-city",
        "userDefined": false
      },
      {
        "text": " time",
        "userDefined": false
      }
    ],
    "isTemplate": false,
    "count": 0,
    "updated": 1520435283
  },
  {
    "id": "1bfa2035-81b3-41a9-994b-9f10985c70f7",
    "data": [
      {
        "text": "I am in ",
        "userDefined": false
      },
      {
        "text": "Cary",
        "alias": "geo-city",
        "meta": "@sys.geo-city",
        "userDefined": false
      },
      {
        "text": ", ",
        "userDefined": false
      },
      {
        "text": "IL",
        "alias": "geo-state-us",
        "meta": "@sys.geo-state-us",
        "userDefined": false
      }
    ],
    "isTemplate": false,
    "count": 0,
    "updated": 1520366875
  },
  {
    "id": "efa52c51-e161-40cb-9920-a714a85fc7a3",
    "data": [
      {
        "text": "I am in ",
        "userDefined": false
      },
      {
        "text": "New york",
        "alias": "geo-city",
        "meta": "@sys.geo-city",
        "userDefined": false
      }
    ],
    "isTemplate": false,
    "count": 0,
    "updated": 1520367163
  },
  {
    "id": "d8584630-6709-4a36-90c7-ab6c81413736",
    "data": [
      {
        "text": "I am in ",
        "userDefined": false
      },
      {
        "text": "Chicago",
        "alias": "geo-city",
        "meta": "@sys.geo-city",
        "userDefined": false
      }
    ],
    "isTemplate": false,
    "count": 0,
    "updated": 1520366875
  }
]