[
  {
    "id": "ef7ac878-1b62-4283-a614-0d2c5ea1e1a1",
    "data": [
      {
        "text": "when can we meet?",
        "userDefined": false
      }
    ],
    "isTemplate": false,
    "count": 0,
    "updated": 1519927890
  },
  {
    "id": "6615ac5d-92e2-46b8-a9ed-154fd6f9d025",
    "data": [
      {
        "text": "when are we free ",
        "userDefined": false
      },
      {
        "text": "today",
        "alias": "date",
        "meta": "@sys.date",
        "userDefined": true
      },
      {
        "text": " ",
        "userDefined": false
      },
      {
        "text": "between 12 and 5",
        "alias": "period",
        "meta": "@period",
        "userDefined": true
      }
    ],
    "isTemplate": false,
    "count": 0,
    "updated": 1519927890
  },
  {
    "id": "67e452bd-1f9d-4e21-9f92-8fec772fd320",
    "data": [
      {
        "text": "When are we free ",
        "userDefined": false
      },
      {
        "text": "from 1 to 4",
        "alias": "period",
        "meta": "@period",
        "userDefined": false
      }
    ],
    "isTemplate": false,
    "count": 0,
    "updated": 1519927890
  },
  {
    "id": "8cef74d2-8dca-4ad9-8007-4bee974e9180",
    "data": [
      {
        "text": "when are we free ",
        "userDefined": false
      },
      {
        "text": "tomorrow",
        "alias": "date",
        "meta": "@sys.date",
        "userDefined": false
      },
      {
        "text": "?",
        "userDefined": false
      }
    ],
    "isTemplate": false,
    "count": 0,
    "updated": 0
  },
  {
    "id": "b3da47eb-88a6-4351-883a-5a777eaacd0d",
    "data": [
      {
        "text": "when can we meet ",
        "userDefined": false
      },
      {
        "text": "tomorrow",
        "alias": "date",
        "meta": "@sys.date",
        "userDefined": true
      },
      {
        "text": " ",
        "userDefined": false
      },
      {
        "text": "between 8am and 12pm",
        "alias": "period",
        "meta": "@period",
        "userDefined": false
      }
    ],
    "isTemplate": false,
    "count": 0,
    "updated": 1519927890
  },
  {
    "id": "efb6ae31-7785-4338-b1b5-a9085927ae58",
    "data": [
      {
        "text": "are we free ",
        "userDefined": false
      },
      {
        "text": "today",
        "alias": "date",
        "meta": "@sys.date",
        "userDefined": false
      },
      {
        "text": "?",
        "userDefined": false
      }
    ],
    "isTemplate": false,
    "count": 0,
    "updated": 1519927890
  },
  {
    "id": "0ca017e3-0ee0-4d13-86d2-60cb7428ec71",
    "data": [
      {
        "text": "when are we free?",
        "userDefined": false
      }
    ],
    "isTemplate": false,
    "count": 0,
    "updated": 1519927890
  },
  {
    "id": "84bc179c-4f42-49c6-9d32-7523d8822d30",
    "data": [
      {
        "text": "when can we meet ",
        "userDefined": false
      },
      {
        "text": "tomorrow",
        "alias": "date",
        "meta": "@sys.date",
        "userDefined": false
      },
      {
        "text": "?",
        "userDefined": false
      }
    ],
    "isTemplate": false,
    "count": 0,
    "updated": 1519927890
  },
  {
    "id": "13760bf9-81b9-4ea0-8ace-e42f23b7357d",
    "data": [
      {
        "text": "when can we meet ",
        "userDefined": false
      },
      {
        "text": "today",
        "alias": "date",
        "meta": "@sys.date",
        "userDefined": false
      },
      {
        "text": " ",
        "userDefined": false
      },
      {
        "text": "between 1 and 4",
        "alias": "period",
        "meta": "@period",
        "userDefined": false
      }
    ],
    "isTemplate": false,
    "count": 0,
    "updated": 1519927890
  }
]